{
	"credit": "Made with Blockbench",
	"texture_size": [64, 32],
	"textures": {
		"1": "optifine/cit/architects_ring/skin/patron/xeronsis_iridium_bulwark/xeronsis_iridium_bulwark"
	},
	"elements": [
		{
			"name": "Base",
			"from": [-3, 5, 11],
			"to": [19, 17, 12],
			"faces": {
				"north": {"uv": [5, 0.5, 10.5, 6.5], "texture": "#1"},
				"east": {"uv": [5.75, 0.5, 6, 6.5], "texture": "#1"},
				"south": {"uv": [0, 0.5, 5.5, 6.5], "texture": "#1"},
				"west": {"uv": [0, 0.5, 0.25, 6.5], "texture": "#1"},
				"up": {"uv": [0, 0, 5.5, 0.5], "texture": "#1"},
				"down": {"uv": [0, 6.5, 5.5, 7], "texture": "#1"}
			}
		},
		{
			"name": "Handle",
			"from": [7, 8, 5],
			"to": [9, 14, 11],
			"faces": {
				"north": {"uv": [15.5, 3, 16, 6], "texture": "#1"},
				"east": {"uv": [14, 3, 15.5, 6], "texture": "#1"},
				"south": {"uv": [13.5, 3, 14, 6], "texture": "#1"},
				"west": {"uv": [12, 3, 13.5, 6], "texture": "#1"},
				"up": {"uv": [13.5, 0, 14, 3], "texture": "#1"},
				"down": {"uv": [13.5, 6, 14, 9], "texture": "#1"}
			}
		},
		{
			"name": "Front",
			"from": [-5, 3, 11.5],
			"to": [21, 19, 11.5],
			"rotation": {"angle": 0, "axis": "y", "origin": [0.5, 0.5, 11.5]},
			"faces": {
				"north": {"uv": [6.5, 8, 13, 16], "texture": "#1"},
				"east": {"uv": [16, 16, 16, 16], "texture": "#1"},
				"south": {"uv": [0, 8, 6.5, 16], "texture": "#1"},
				"west": {"uv": [16, 16, 16, 16], "texture": "#1"},
				"up": {"uv": [16, 16, 16, 16], "texture": "#1"},
				"down": {"uv": [16, 16, 16, 16], "texture": "#1"}
			}
		}
	],
	"gui_light": "front",
	"display": {
		"thirdperson_righthand": {
			"rotation": [45, 150, 0],
			"translation": [0, -5, -2]
		},
		"thirdperson_lefthand": {
			"rotation": [45, 150, 0],
			"translation": [0, -5, -2]
		},
		"firstperson_righthand": {
			"rotation": [0, 180, -5],
			"translation": [-3.5, -11.5, 1],
			"scale": [1.25, 1.25, 1.25]
		},
		"firstperson_lefthand": {
			"rotation": [0, 180, -5],
			"translation": [-3.5, -11.5, 1],
			"scale": [1.25, 1.25, 1.25]
		},
		"ground": {
			"translation": [0.25, -2, 0.25],
			"scale": [0.25, 0.25, 0.25]
		},
		"gui": {
			"rotation": [15, -25, -5],
			"translation": [0.75, -1.5, 0],
			"scale": [0.65, 0.65, 0.65]
		},
		"head": {
			"translation": [0, 0, 3.25]
		},
		"fixed": {
			"rotation": [0, 180, 0],
			"scale": [0.5, 0.5, 0.5]
		}
	}
}