{
"music.sierhaven": {
    "category": "record",
    "sounds": [{"name": "epic:city/sierhaven","stream": true}]},
"music.monument": {
    "category": "record",
    "sounds": [{"name": "epic:misc/monument","stream": true}]},
"music.monumentisles": {
    "category": "record",
    "sounds": [{"name": "epic:misc/monumentisles","stream": true}]},
"music.kaul": {
    "category": "record",
    "sounds": [{"name": "epic:boss/kaul","stream": true}]},
"music.caxtal": {
    "category": "record",
    "sounds": [{"name": "epic:boss/caxtal","stream": true}]},
"music.cshura": {
    "category": "record",
    "sounds": [{"name": "epic:boss/cshura","stream": true}]},
"music.azacor": {
    "category": "record",
    "sounds": [{"name": "epic:boss/azacor","stream": true}]},
"music.eldim": {
    "category": "record",
    "sounds": [{"name": "epic:city/eldim","stream": true}]},
"music.farr": {
    "category": "record",
    "sounds": [{"name": "epic:city/farr","stream": true}]},
"music.alnera": {
    "category": "record",
    "sounds": [{"name": "epic:city/alnera","stream": true}]},
"music.steelmeld": {
    "category": "record",
    "sounds": [{"name": "epic:city/steelmeld","stream": true}]},
"music.highwatch": {
    "category": "record",
    "sounds": [{"name": "epic:city/highwatch","stream": true}]},
"music.horseman": {
    "category": "record",
    "sounds": [{"name": "epic:boss/horseman","stream": true}]},
"music.echorun": {
    "category": "record",
    "sounds": [{"name": "epic:misc/echorun","stream": true}]},
"music.echorunrocks": {
    "category": "record",
    "sounds": [{"name": "epic:misc/echorunrocks","stream": true}]},
"music.lowtide": {
    "category": "record",
    "sounds": [{"name": "epic:city/lowtide","stream": true}]},
"music.rahkeri": {
    "category": "record",
    "sounds": [{"name": "epic:city/rahkeri","stream": true}]},
"music.wispervale": {
    "category": "record",
    "sounds": [{"name": "epic:city/wispervale","stream": true}]},
"music.varcosa": {
    "category": "record",
    "sounds": [{"name": "epic:boss/varcosa","stream": true}]},
"music.isles": {
    "category": "record",
    "sounds": [{"name": "epic:overworldandplots/isles","stream": true}]},
"music.nyr": {
    "category": "record",
    "sounds": [{"name": "epic:city/nyr","stream": true}]},
"music.mistport": {
    "category": "record",
    "sounds": [{"name": "epic:city/mistport","stream": true}]},
"music.eldrask": {
    "category": "record",
    "sounds": [{"name": "epic:boss/eldrask","stream": true}]},
"music.hekawt": {
    "category": "record",
    "sounds": [{"name": "epic:boss/hekawt","stream": true}]},
"music.hekawtp4": {
    "category": "record",
    "sounds": [{"name": "epic:boss/hekawtp4","stream": true}]},
"music.valley": {
    "category": "record",
    "sounds": [{"name": "epic:overworldandplots/valley","stream": true}]},
"music.nightroost": {
    "category": "record",
    "sounds": [{"name": "epic:city/nightroost","stream": true}]},
"music.molta": {
    "category": "record",
    "sounds": [{"name": "epic:city/molta","stream": true}]},
"music.oceangate": {
    "category": "record",
    "sounds": [{"name": "epic:city/oceangate","stream": true}]},
"music.oceangatenowave": {
    "category": "record",
    "sounds": [{"name": "epic:city/oceangatenowave","stream": true}]},
"music.srbones": {
    "category": "record",
    "sounds": [{"name": "epic:strike/srbones","stream": true}]},
"music.srash": {
    "category": "record",
    "sounds": [{"name": "epic:strike/srash","stream": true}]},
"music.srbroers": {
    "category": "record",
    "sounds": [{"name": "epic:boss/srbroers","stream": true}]},
"music.srbeast": {
    "category": "record",
    "sounds": [{"name": "epic:boss/srbeast","stream": true}]},
"music.vigil": {
    "category": "record",
    "sounds": [{"name": "epic:misc/vigil","stream": true}]},
"music.hedera": {
    "category": "record",
    "sounds": [{"name": "epic:boss/hedera","stream": true}]},
"music.davey": {
    "category": "record",
    "sounds": [{"name": "epic:boss/davey","stream": true}]},
"music.nucleus": {
    "category": "record",
    "sounds": [{"name": "epic:boss/nucleus","stream": true}]},
"music.falsespirit": {
    "category": "record",
    "sounds": [{"name": "epic:boss/falsespirit","stream": true}]},
"music.breachpoint": {
    "category": "record",
    "sounds": [{"name": "epic:city/breachpoint","stream": true}]},
"music.blitz": {
    "category": "record",
    "sounds": [{"name": "epic:misc/blitz","stream": true}]},
"music.plots": {
    "category": "record",
    "sounds": [{"name": "epic:overworldandplots/plots","stream": true}]},
"music.newantium": {
    "category": "record",
    "sounds": [{"name": "epic:city/newantium","stream": true}]},
"music.galengarde": {
    "category": "record",
    "sounds": [{"name": "epic:city/galengarde","stream": true}]},
"music.ring": {
    "category": "record",
    "sounds": [{"name": "epic:overworldandplots/ring","stream": true}]},
"music.misanthropic_circuitry": {
    "category": "record",
    "sounds": [{"name": "epic:boss/misanthropic_circuitry","stream": true}]},
"music.samwell": {
    "category": "record",
    "sounds": [{"name": "epic:boss/samwell","stream": true}]},
"music.gallerysanguineee": {
    "category": "record",
    "sounds": [{"name": "epic:misc/gallerysanguineee","stream": true}]},
"music.racegeneric": {
    "category": "record",
    "sounds": [{"name": "epic:misc/racegeneric","stream": true}]},
"music.frostgate": {
    "category": "record",
    "sounds": [{"name": "epic:city/frostgate","stream": true}]},
"music.white1": {
    "category": "record",
    "sounds": [{"name": "epic:dungeon/white1","stream": true}]},
"music.white2": {
    "category": "record",
    "sounds": [{"name": "epic:dungeon/white2","stream": true}]},
"music.white3": {
    "category": "record",
    "sounds": [{"name": "epic:dungeon/white3","stream": true}]},
"music.orange1": {
    "category": "record",
    "sounds": [{"name": "epic:dungeon/orange1","stream": true}]},
"music.orange2": {
    "category": "record",
    "sounds": [{"name": "epic:dungeon/orange2","stream": true}]},
"music.orange3": {
    "category": "record",
    "sounds": [{"name": "epic:dungeon/orange3","stream": true}]},
"music.orangefinal": {
    "category": "record",
    "sounds": [{"name": "epic:misc/orangefinal","stream": true}]},
"music.magenta1": {
    "category": "record",
    "sounds": [{"name": "epic:dungeon/magenta1","stream": true}]},
"music.magenta2": {
    "category": "record",
    "sounds": [{"name": "epic:dungeon/magenta2","stream": true}]},
"music.magenta3": {
    "category": "record",
    "sounds": [{"name": "epic:dungeon/magenta3","stream": true}]},
"music.lightblue1": {
    "category": "record",
    "sounds": [{"name": "epic:dungeon/lightblue1","stream": true}]},
"music.lightblue2": {
    "category": "record",
    "sounds": [{"name": "epic:dungeon/lightblue2","stream": true}]},
"music.lightblue3": {
    "category": "record",
    "sounds": [{"name": "epic:dungeon/lightblue3","stream": true}]},
"music.lightbluebastion": {
    "category": "record",
    "sounds": [{"name": "epic:misc/lightbluebastion","stream": true}]},
"music.yellow1": {
    "category": "record",
    "sounds": [{"name": "epic:dungeon/yellow1","stream": true}]},
"music.yellow2": {
    "category": "record",
    "sounds": [{"name": "epic:dungeon/yellow2","stream": true}]},
"music.willows1": {
    "category": "record",
    "sounds": [{"name": "epic:dungeon/willows1","stream": true}]},
"music.willows2": {
    "category": "record",
    "sounds": [{"name": "epic:dungeon/willows2","stream": true}]},
"music.willows3": {
    "category": "record",
    "sounds": [{"name": "epic:dungeon/willows3","stream": true}]},
"music.reverie1": {
    "category": "record",
    "sounds": [{"name": "epic:dungeon/reverie1","stream": true}]},
"music.reverie2": {
    "category": "record",
    "sounds": [{"name": "epic:dungeon/reverie2","stream": true}]},
"music.labs1": {
    "category": "record",
    "sounds": [{"name": "epic:dungeon/labs1","stream": true}]},
"music.labs2": {
    "category": "record",
    "sounds": [{"name": "epic:dungeon/labs2","stream": true}]},
"music.corridors1": {
    "category": "record",
    "sounds": [{"name": "epic:dungeon/corridors1","stream": true}]},
"music.corridors2": {
    "category": "record",
    "sounds": [{"name": "epic:dungeon/corridors2","stream": true}]},
"music.lime1": {
    "category": "record",
    "sounds": [{"name": "epic:dungeon/lime1","stream": true}]},
"music.lime2": {
    "category": "record",
    "sounds": [{"name": "epic:dungeon/lime2","stream": true}]},
"music.pink1": {
    "category": "record",
    "sounds": [{"name": "epic:dungeon/pink1","stream": true}]},
"music.pink2": {
    "category": "record",
    "sounds": [{"name": "epic:dungeon/pink2","stream": true}]},
"music.gray1": {
    "category": "record",
    "sounds": [{"name": "epic:dungeon/gray1","stream": true}]},
"music.gray2": {
    "category": "record",
    "sounds": [{"name": "epic:dungeon/gray2","stream": true}]},
"music.lightgray1": {
    "category": "record",
    "sounds": [{"name": "epic:dungeon/lightgray1","stream": true}]},
"music.lightgray2": {
    "category": "record",
    "sounds": [{"name": "epic:dungeon/lightgray2","stream": true}]},
"music.cyan1": {
    "category": "record",
    "sounds": [{"name": "epic:dungeon/cyan1","stream": true}]},
"music.cyan2": {
    "category": "record",
    "sounds": [{"name": "epic:dungeon/cyan2","stream": true}]},
"music.purple1": {
    "category": "record",
    "sounds": [{"name": "epic:dungeon/purple1","stream": true}]},
"music.purple2": {
    "category": "record",
    "sounds": [{"name": "epic:dungeon/purple2","stream": true}]},
"music.teal1": {
    "category": "record",
    "sounds": [{"name": "epic:dungeon/teal1","stream": true}]},
"music.teal2": {
    "category": "record",
    "sounds": [{"name": "epic:dungeon/teal2","stream": true}]},
"music.forum1": {
    "category": "record",
    "sounds": [{"name": "epic:dungeon/forum1","stream": true}]},
"music.forum2": {
    "category": "record",
    "sounds": [{"name": "epic:dungeon/forum2","stream": true}]},
"music.shifting1": {
    "category": "record",
    "sounds": [{"name": "epic:dungeon/shifting1","stream": true}]},
"music.shifting2": {
    "category": "record",
    "sounds": [{"name": "epic:dungeon/shifting2","stream": true}]},
"music.depths1": {
    "category": "record",
    "sounds": [{"name": "epic:dungeon/depths1","stream": true}]},
"music.depths2": {
    "category": "record",
    "sounds": [{"name": "epic:dungeon/depths2","stream": true}]},
"music.depths3": {
    "category": "record",
    "sounds": [{"name": "epic:dungeon/depths3","stream": true}]},
"music.skt1": {
    "category": "record",
    "sounds": [{"name": "epic:dungeon/skt1","stream": true}]},
"music.skt2": {
    "category": "record",
    "sounds": [{"name": "epic:dungeon/skt2","stream": true}]},
"music.blueair": {
    "category": "record",
    "sounds": [{"name": "epic:dungeon/blueair","stream": true}]},
"music.blueearth": {
    "category": "record",
    "sounds": [{"name": "epic:dungeon/blueearth","stream": true}]},
"music.bluefire": {
    "category": "record",
    "sounds": [{"name": "epic:dungeon/bluefire","stream": true}]},
"music.bluewater": {
    "category": "record",
    "sounds": [{"name": "epic:dungeon/bluewater","stream": true}]},
"music.brownfactory": {
    "category": "record",
    "sounds": [{"name": "epic:dungeon/brownfactory","stream": true}]},
"music.brownmall": {
    "category": "record",
    "sounds": [{"name": "epic:dungeon/brownmall","stream": true}]},
"music.customplots": {
    "category": "record",
    "sounds": [{"name": "epic:custom/customplots","stream": true}]},
"music.customoverworldvalley": {
    "category": "record",
    "sounds": [{"name": "epic:custom/customoverworldvalley","stream": true}]},
"music.customoverworldisles": {
    "category": "record",
    "sounds": [{"name": "epic:custom/customoverworldisles","stream": true}]},
"music.customoverworldring": {
    "category": "record",
    "sounds": [{"name": "epic:custom/customoverworldring","stream": true}]}
}